City,State,county
OLALLA,WA,Kitsap
REDMOND,WA,King
WASHOUGAL,WA,Clark
VANCOUVER,WA,Clark
SHORELINE,WA,King
PORT ORCHARD,WA,Kitsap
RIDGEFIELD,WA,Clark
LYNNWOOD,WA,Snohomish
ISSAQUAH,WA,King
SEATTLE,WA,King
NORTH BEND,WA,King
LOPEZ ISLAND,WA,San Juan
LAKEWOOD,WA,Pierce
SPOKANE,WA,Spokane
BREMERTON,WA,Kitsap
PASCO,WA,Franklin
SNOHOMISH,WA,Snohomish
BURIEN,WA,King
BELLEVUE,WA,King
BATTLE GROUND,WA,Clark
RENTON,WA,King
KIRKLAND,WA,King
OLYMPIA,WA,Thurston
SAMMAMISH,WA,King
KENMORE,WA,King
AUBURN,WA,King
BAINBRIDGE ISLAND,WA,Kitsap
BOTHELL,WA,Snohomish
MARYSVILLE,WA,Snohomish
OAK HARBOR,WA,Island
DUVALL,WA,King
KENT,WA,King
SILVERDALE,WA,Kitsap
WOODINVILLE,WA,King
DES MOINES,WA,King
LAKE TAPPS,WA,Pierce
KINGSTON,WA,Kitsap
SEATAC,WA,King
COVINGTON,WA,King
WOODLAND,WA,Cowlitz
TENINO,WA,Thurston
CAMAS,WA,Clark
MAPLE VALLEY,WA,King
BRIER,WA,Snohomish
LONGVIEW,WA,Cowlitz
SPOKANE VALLEY,WA,Spokane
EVERETT,WA,Snohomish
ENUMCLAW,WA,King
STANWOOD,WA,Snohomish
NORMANDY PARK,WA,King
YELM,WA,Thurston
FEDERAL WAY,WA,King
YAKIMA,WA,Yakima
TUKWILA,WA,King
UNION GAP,WA,Yakima
SELAH,WA,Yakima
ZILLAH,WA,Yakima
BOTHELL,WA,King
KENNEWICK,WA,Benton
EDMONDS,WA,Snohomish
SULTAN,WA,Snohomish
BONNEY LAKE,WA,Pierce
MERCER ISLAND,WA,King
ELLENSBURG,WA,Kittitas
TACOMA,WA,Pierce
LYNDEN,WA,Whatcom
BUCKLEY,WA,Pierce
SHELTON,WA,Mason
NEWCASTLE,WA,King
POULSBO,WA,Kitsap
FREELAND,WA,Island
PUYALLUP,WA,Pierce
LAKE STEVENS,WA,Snohomish
BEAUX ARTS,WA,King
LAKE FOREST PARK,WA,King
KELSO,WA,Cowlitz
PORT ANGELES,WA,Clallam
BRUSH PRAIRIE,WA,Clark
MONROE,WA,Snohomish
CLE ELUM,WA,Kittitas
PORT TOWNSEND,WA,Jefferson
SNOQUALMIE,WA,King
NEWPORT,WA,Pend Oreille
LACEY,WA,Thurston
CAMANO ISLAND,WA,Island
SEABECK,WA,Kitsap
GIG HARBOR,WA,Pierce
COUPEVILLE,WA,Island
MUKILTEO,WA,Snohomish
FERNDALE,WA,Whatcom
ARLINGTON,WA,Snohomish
ROCHESTER,WA,Thurston
AUBURN,WA,Pierce
TUMWATER,WA,Thurston
SOUTH HILL,WA,Pierce
CLYDE HILL,WA,King
PACIFIC,WA,King
GRANDVIEW,WA,Yakima
MEDINA,WA,King
MILL CREEK,WA,Snohomish
WOODINVILLE,WA,Snohomish
YARROW POINT,WA,King
WENATCHEE,WA,Chelan
ORTING,WA,Pierce
VASHON,WA,King
BURLINGTON,WA,Skagit
ROSBURG,WA,Wahkiakum
CHEHALIS,WA,Lewis
FIRCREST,WA,Pierce
SEDRO-WOOLLEY,WA,Skagit
CARNATION,WA,King
GRAYS RIVER,WA,Wahkiakum
CHELAN,WA,Chelan
EDGEWOOD,WA,Pierce
BOW,WA,Skagit
RICHLAND,WA,Benton
GRANITE FALLS,WA,Snohomish
OTHELLO,WA,Adams
MOSES LAKE,WA,Grant
MOUNT VERNON,WA,Skagit
JOINT BASE LEWIS MCCHORD,WA,Pierce
BELFAIR,WA,Mason
SEQUIM,WA,Clallam
HUSUM,WA,Klickitat
MILTON,WA,Pierce
EVERSON,WA,Whatcom
WALLA WALLA,WA,Walla Walla
BELLINGHAM,WA,Whatcom
BLAINE,WA,Whatcom
COULEE CITY,WA,Grant
HOODSPORT,WA,Mason
LAKEBAY,WA,Pierce
ABERDEEN,WA,Grays Harbor
EAST WENATCHEE,WA,Douglas
SPANAWAY,WA,Pierce
BRIDGEPORT BAR,WA,Douglas
MOUNTLAKE TERRACE,WA,Snohomish
TOLEDO,WA,Lewis
ELBE,WA,Pierce
RAVENSDALE,WA,King
CLARKSTON,WA,Asotin
EATONVILLE,WA,Pierce
GREENACRES,WA,Spokane
GREENBANK,WA,Island
ENTIAT,WA,Chelan
RONALD,WA,Kittitas
UNIVERSITY PLACE,WA,Pierce
ROY,WA,Pierce
GRAHAM,WA,Pierce
WHITE SALMON,WA,Klickitat
MEAD,WA,Spokane
DUPONT,WA,Pierce
WEST RICHLAND,WA,Benton
KALAMA,WA,Cowlitz
CARBONADO,WA,Pierce
CURTIS,WA,Lewis
MATTAWA,WA,Grant
COLLEGE PLACE,WA,Walla Walla
BELLINGHAM,WA,Skagit
MANSON,WA,Chelan
CENTRALIA,WA,Lewis
FALL CITY,WA,King
NINE MILE FALLS,WA,Spokane
LA CONNER,WA,Skagit
CASTLE ROCK,WA,Cowlitz
QUINCY,WA,Grant
FIFE,WA,Pierce
ANACORTES,WA,Skagit
ASHFORD,WA,Pierce
SUMNER,WA,Pierce
STEVENSON,WA,Skamania
LYLE,WA,Klickitat
PARKLAND,WA,Pierce
PRESTON,WA,King
MCCLEARY,WA,Grays Harbor
CHENEY,WA,Spokane
STEILACOOM,WA,Pierce
BLACK DIAMOND,WA,King
OTIS ORCHARDS,WA,Spokane
OCEAN SHORES,WA,Grays Harbor
DEER PARK,WA,Spokane
ALLYN,WA,Mason
FRIDAY HARBOR,WA,San Juan
WARDEN,WA,Grant
ODESSA,WA,Lincoln
BURBANK,WA,Walla Walla
PULLMAN,WA,Whitman
DAVENPORT,WA,Lincoln
WINTHROP,WA,Okanogan
DEMING,WA,Whatcom
LANGLEY,WA,Island
TOUCHET,WA,Walla Walla
NINE MILE FALLS,WA,Stevens
POINT ROBERTS,WA,Whatcom
INDIANOLA,WA,Kitsap
CONNELL,WA,Franklin
BENTON CITY,WA,Benton
MOSSYROCK,WA,Lewis
AIRWAY HEIGHTS,WA,Spokane
COULEE DAM,WA,Douglas
LEAVENWORTH,WA,Chelan
PACIFIC BEACH,WA,Grays Harbor
SUNNYSIDE,WA,Yakima
SKYKOMISH,WA,King
MOXEE,WA,Yakima
ANDERSON ISLAND,WA,Pierce
LIBERTY LAKE,WA,Spokane
FOX ISLAND,WA,Pierce
MEDICAL LAKE,WA,Spokane
OROVILLE,WA,Okanogan
CLINTON,WA,Island
TOPPENISH,WA,Yakima
SURFSIDE,WA,Pacific
PE ELL,WA,Lewis
CATHLAMET,WA,Wahkiakum
TAHOLAH,WA,Grays Harbor
NEWMAN LAKE,WA,Spokane
MONTESANO,WA,Grays Harbor
TONASKET,WA,Okanogan
COLVILLE,WA,Stevens
CENTRALIA,WA,Thurston
WASHOUGAL,WA,Skamania
RUSTON,WA,Pierce
ORONDO,WA,Douglas
NEAH BAY,WA,Clallam
LUMMI ISLAND,WA,Whatcom
LONGBRANCH,WA,Pierce
CASHMERE,WA,Chelan
YACOLT,WA,Clark
QUILCENE,WA,Jefferson
RICE,WA,Stevens
LA CENTER,WA,Clark
CINEBAR,WA,Lewis
ELMA,WA,Grays Harbor
GOLD BAR,WA,Snohomish
UNION,WA,Mason
CHATTAROY,WA,Spokane
ELK,WA,Spokane
LOON LAKE,WA,Stevens
ELK,WA,Pend Oreille
HANSVILLE,WA,Kitsap
HUNTS POINT,WA,King
TWISP,WA,Okanogan
KETTLE FALLS,WA,Ferry
PORT LUDLOW,WA,Jefferson
NAPAVINE,WA,Lewis
ASHFORD,WA,Lewis
ANACORTES,WA,San Juan
ARTONDALE,WA,Pierce
ASOTIN,WA,Asotin
PROSSER,WA,Benton
FORKS,WA,Clallam
COLBERT,WA,Spokane
VERADALE,WA,Spokane
TOKELAND,WA,Pacific
WOODWAY,WA,Snohomish
COPALIS BEACH,WA,Grays Harbor
EASTSOUND,WA,San Juan
LYMAN,WA,Skagit
REPUBLIC,WA,Ferry
MILTON,WA,King
PALOUSE,WA,Whitman
SUQUAMISH,WA,Kitsap
CLEARLAKE,WA,Skagit
SILVER CREEK,WA,Lewis
BINGEN,WA,Klickitat
ARIEL,WA,Cowlitz
COWICHE,WA,Yakima
CHIMACUM,WA,Jefferson
VALLEYFORD,WA,Spokane
WALDRON,WA,San Juan
RAINIER,WA,Thurston
MALAGA,WA,Chelan
OKANOGAN,WA,Okanogan
ROCK ISLAND,WA,Douglas
NESPELEM,WA,Okanogan
CONCRETE,WA,Skagit
PESHASTIN,WA,Chelan
SNOWDEN,WA,Klickitat
SEDRO WOOLLEY,WA,Whatcom
CUSTER,WA,Whatcom
GRAYLAND,WA,Grays Harbor
ONALASKA,WA,Lewis
GRAPEVIEW,WA,Mason
NORDLAND,WA,Jefferson
WOODLAND,WA,Clark
NORTH BONNEVILLE,WA,Skamania
OLYMPIA,WA,Mason
GRANGER,WA,Yakima
SILVERLAKE,WA,Cowlitz
OUTLOOK,WA,Yakima
ALGONA,WA,King
COULEE DAM,WA,Okanogan
TEKOA,WA,Whitman
VAUGHN,WA,Pierce
INDEX,WA,Snohomish
PACKWOOD,WA,Lewis
PORT HADLOCK,WA,Jefferson
REARDAN,WA,Lincoln
STARTUP,WA,Snohomish
ROSLYN,WA,Kittitas
UNDERWOOD,WA,Skamania
ACME,WA,Whatcom
EASTON,WA,Kittitas
DIXIE,WA,Walla Walla
SEDRO WOOLLEY,WA,Skagit
RITZVILLE,WA,Adams
COSMOPOLIS,WA,Grays Harbor
TAHUYA,WA,Mason
FAIRCHILD AIR FORCE BASE,WA,Spokane
VALLEY,WA,Stevens
MORTON,WA,Lewis
OYSTERVILLE,WA,Pacific
EPHRATA,WA,Grant
HOQUIAM,WA,Grays Harbor
ST JOHN,WA,Whitman
TROUT LAKE,WA,Klickitat
SNOQUALMIE PASS,WA,Kittitas
BREWSTER,WA,Okanogan
ORIENT,WA,Ferry
DARRINGTON,WA,Skagit
RIVERSIDE,WA,Okanogan
KAPOWSIN,WA,Pierce
DAYTON,WA,Columbia
THORP,WA,Kittitas
BRINNON,WA,Jefferson
OCEAN PARK,WA,Pacific
BARING,WA,King
OLGA,WA,San Juan
MAPLE FALLS,WA,Whatcom
NORTH COVE,WA,Pacific
OMAK,WA,Okanogan
GARFIELD,WA,Whitman
WINLOCK,WA,Lewis
SUMAS,WA,Whatcom
LONG BEACH,WA,Pacific
LEBAM,WA,Pacific
METHOW,WA,Okanogan
ROOSEVELT,WA,Klickitat
WESTPORT,WA,Grays Harbor
GOLDENDALE,WA,Klickitat
OTHELLO,WA,Franklin
SHAW ISLAND,WA,San Juan
NAHCOTTA,WA,Pacific
WAPATO,WA,Yakima
CLALLAM BAY,WA,Clallam
GRANDVIEW,WA,Benton
GRAND COULEE,WA,Lincoln
SNOQUALMIE PASS,WA,King
NASELLE,WA,Pacific
MESA,WA,Franklin
HUNTERS,WA,Stevens
DALLESPORT,WA,Klickitat
IONE,WA,Pend Oreille
SPANGLE,WA,Spokane
AMBOY,WA,Clark
ALBION,WA,Whitman
SOAP LAKE,WA,Grant
SOUTH BEND,WA,Pacific
SEQUIM,WA,Jefferson
FAIRFIELD,WA,Spokane
RAYMOND,WA,Pacific
COLFAX,WA,Whitman
ELTOPIA,WA,Franklin
MENLO,WA,Pacific
ETHEL,WA,Lewis
NACHES,WA,Yakima
OTHELLO,WA,Grant
ROYAL CITY,WA,Grant
TULALIP,WA,Snohomish
DARRINGTON,WA,Snohomish
AMANDA PARK,WA,Grays Harbor
INCORPORATED,WA,Pierce
NASELLE,WA,Wahkiakum
CARSON,WA,Skamania
CHEWELAH,WA,Stevens
BEAVER,WA,Clallam
KEYPORT,WA,Kitsap
PARKER,WA,Yakima
MARLIN,WA,Grant
ILWACO,WA,Pacific
NOOKSACK,WA,Whatcom
MAZAMA,WA,Okanogan
DEER PARK,WA,Stevens
ELMA,WA,Mason
BUCODA,WA,Thurston
KETTLE FALLS,WA,Stevens
EVANS,WA,Stevens
DANVILLE,WA,Ferry
GALVIN,WA,Lewis
OAKVILLE,WA,Grays Harbor
WISHRAM,WA,Klickitat
KITTITAS,WA,Kittitas
BEVERLY,WA,Grant
SEVEN BAYS,WA,Lincoln
TIETON,WA,Yakima
MINERAL,WA,Lewis
HARRINGTON,WA,Lincoln
GLACIER,WA,Whatcom
WAITSBURG,WA,Walla Walla
CUSICK,WA,Pend Oreille
ENDICOTT,WA,Whitman
WILKESON,WA,Pierce
ROCHESTER,WA,Lewis
WHITE SALMON,WA,Skamania
PATEROS,WA,Okanogan
CHELAN FALLS,WA,Chelan
CENTERVILLE,WA,Klickitat
PALISADES,WA,Douglas
DEER MEADOWS,WA,Lincoln
LACROSSE,WA,Whitman
SEKIU,WA,Clallam
GLENOMA,WA,Lewis
PROSSER,WA,Yakima
VADER,WA,Lewis
SOUTH CLE ELUM,WA,Kittitas
SHORELINE,WA,Snohomish
PASC,WA,Franklin
BZ CORNER,WA,Klickitat
CARLTON,WA,Okanogan
BINGEN,WA,Skamania
NORTHPORT,WA,Stevens
MURDOCK,WA,Klickitat
ENUMCLAW,WA,Pierce
GLENWOOD,WA,Klickitat
VANTAGE,WA,Kittitas
UNIONTOWN,WA,Whitman
TOUTLE,WA,Cowlitz
SPRINGDALE,WA,Stevens
HATTON,WA,Adams
SEAVIEW,WA,Pacific
OAKESDALE,WA,Whitman
REARDAN,WA,Spokane
ROCKFORD,WA,Spokane
SPRAGUE,WA,Lincoln
KLICKITAT,WA,Klickitat
MOCLIPS,WA,Grays Harbor
ROSALIA,WA,Spokane
ROSALIA,WA,Whitman
LILLIWAUP,WA,Mason
BUENA,WA,Yakima
MARTHA LAKE,WA,Snohomish
ORCAS IS,WA,San Juan
INCHELIUM,WA,Ferry
LATAH,WA,Spokane
TUMTUM,WA,Stevens
DEER HARBOR,WA,San Juan
MABTON,WA,Yakima
MARYHILL,WA,Klickitat
EDWALL,WA,Spokane
WILBUR,WA,Lincoln
LIND,WA,Adams
POMEROY,WA,Garfield
APPLETON,WA,Klickitat
LOPEZ IS,WA,San Juan
FRANCES,WA,Pacific
MALDEN,WA,Whitman
GIFFORD,WA,Stevens
CLAYTON,WA,Stevens
WELLPINIT,WA,Stevens
WILLAPA,WA,Pacific
MICA,WA,Spokane
SATSOP,WA,Grays Harbor
WATERVILLE,WA,Douglas
FORD,WA,Stevens
ORCAS,WA,San Juan
CURLEW,WA,Ferry
COPALIS CROSSING,WA,Grays Harbor
ADDY,WA,Stevens
PRESCOTT,WA,Walla Walla
BANGOR BASE,WA,Kitsap
METALINE,WA,Pend Oreille
GRAND COULEE,WA,Grant
RANDLE,WA,Lewis
CRESTON,WA,Lincoln
RYDERWOOD,WA,Cowlitz
HOLDEN VILLAGE,WA,Chelan
PORT GAMBLE,WA,Kitsap
ROCKPORT,WA,Skagit
ELECTRIC CITY,WA,Grant
DRYDEN,WA,Chelan
SKAMOKAWA,WA,Wahkiakum
SALKUM,WA,Lewis
RICH,WA,Benton
ELMER CITY,WA,Okanogan
USK,WA,Pend Oreille
SMITH CREEK,WA,Pacific
PRAIRIE RIDGE,WA,Pierce
WHITE SWAN,WA,Yakima
MANSFIELD,WA,Douglas
SAN JUAN IS,WA,San Juan
WAVERLY,WA,Spokane
SOUTH PRAIRIE,WA,Pierce
COLTON,WA,Whitman
FORD,WA,Lincoln
LAKEVIEW,WA,Grant
PATERSON,WA,Benton
HARTLINE,WA,Grant
LINCOLN,WA,Lincoln
PACIFIC,WA,Pierce
CONCONULLY,WA,Okanogan
LAMONT,WA,Whitman
GOLD BAR,WA,King
COULEE CITY,WA,Douglas
BICKLETON,WA,Klickitat
ALMIRA,WA,Lincoln
QUINCY,WA,Douglas
GRAND COULEE,WA,Douglas
MARBLEMOUNT,WA,Skagit
WAHKIACUS,WA,Klickitat
HAMILTON,WA,Skagit
MCCLEARY,WA,Mason
