city,State
OLALLA,WA
REDMOND,WA
WASHOUGAL,WA
VANCOUVER,WA
SHORELINE,WA
PORT ORCHARD,WA
RIDGEFIELD,WA
LYNNWOOD,WA
ISSAQUAH,WA
SEATTLE,WA
NORTH BEND,WA
LOPEZ ISLAND,WA
LAKEWOOD,WA
SPOKANE,WA
BREMERTON,WA
PASCO,WA
SNOHOMISH,WA
BURIEN,WA
BELLEVUE,WA
BATTLE GROUND,WA
RENTON,WA
KIRKLAND,WA
OLYMPIA,WA
SAMMAMISH,WA
KENMORE,WA
AUBURN,WA
BAINBRIDGE ISLAND,WA
BOTHELL,WA
MARYSVILLE,WA
OAK HARBOR,WA
DUVALL,WA
KENT,WA
SILVERDALE,WA
WOODINVILLE,WA
DES MOINES,WA
LAKE TAPPS,WA
KINGSTON,WA
SEATAC,WA
COVINGTON,WA
WOODLAND,WA
TENINO,WA
CAMAS,WA
MAPLE VALLEY,WA
BRIER,WA
LONGVIEW,WA
SPOKANE VALLEY,WA
EVERETT,WA
ENUMCLAW,WA
STANWOOD,WA
NORMANDY PARK,WA
YELM,WA
FEDERAL WAY,WA
YAKIMA,WA
TUKWILA,WA
UNION GAP,WA
SELAH,WA
ZILLAH,WA
KENNEWICK,WA
EDMONDS,WA
SULTAN,WA
BONNEY LAKE,WA
MERCER ISLAND,WA
ELLENSBURG,WA
TACOMA,WA
LYNDEN,WA
BUCKLEY,WA
SHELTON,WA
NEWCASTLE,WA
POULSBO,WA
FREELAND,WA
PUYALLUP,WA
LAKE STEVENS,WA
BEAUX ARTS,WA
LAKE FOREST PARK,WA
KELSO,WA
PORT ANGELES,WA
BRUSH PRAIRIE,WA
MONROE,WA
CLE ELUM,WA
PORT TOWNSEND,WA
SNOQUALMIE,WA
NEWPORT,WA
LACEY,WA
CAMANO ISLAND,WA
SEABECK,WA
GIG HARBOR,WA
COUPEVILLE,WA
MUKILTEO,WA
FERNDALE,WA
ARLINGTON,WA
ROCHESTER,WA
TUMWATER,WA
SOUTH HILL,WA
CLYDE HILL,WA
PACIFIC,WA
GRANDVIEW,WA
MEDINA,WA
MILL CREEK,WA
YARROW POINT,WA
WENATCHEE,WA
ORTING,WA
VASHON,WA
BURLINGTON,WA
ROSBURG,WA
CHEHALIS,WA
FIRCREST,WA
SEDRO-WOOLLEY,WA
CARNATION,WA
GRAYS RIVER,WA
CHELAN,WA
EDGEWOOD,WA
BOW,WA
RICHLAND,WA
GRANITE FALLS,WA
OTHELLO,WA
MOSES LAKE,WA
MOUNT VERNON,WA
JOINT BASE LEWIS MCCHORD,WA
BELFAIR,WA
SEQUIM,WA
HUSUM,WA
MILTON,WA
EVERSON,WA
WALLA WALLA,WA
BELLINGHAM,WA
BLAINE,WA
COULEE CITY,WA
HOODSPORT,WA
LAKEBAY,WA
ABERDEEN,WA
EAST WENATCHEE,WA
SPANAWAY,WA
BRIDGEPORT BAR,WA
MOUNTLAKE TERRACE,WA
TOLEDO,WA
ELBE,WA
RAVENSDALE,WA
CLARKSTON,WA
EATONVILLE,WA
GREENACRES,WA
GREENBANK,WA
ENTIAT,WA
RONALD,WA
UNIVERSITY PLACE,WA
ROY,WA
GRAHAM,WA
WHITE SALMON,WA
MEAD,WA
DUPONT,WA
WEST RICHLAND,WA
KALAMA,WA
CARBONADO,WA
CURTIS,WA
MATTAWA,WA
COLLEGE PLACE,WA
MANSON,WA
CENTRALIA,WA
FALL CITY,WA
NINE MILE FALLS,WA
LA CONNER,WA
CASTLE ROCK,WA
QUINCY,WA
FIFE,WA
ANACORTES,WA
ASHFORD,WA
SUMNER,WA
STEVENSON,WA
LYLE,WA
PARKLAND,WA
PRESTON,WA
MCCLEARY,WA
CHENEY,WA
STEILACOOM,WA
BLACK DIAMOND,WA
OTIS ORCHARDS,WA
OCEAN SHORES,WA
DEER PARK,WA
ALLYN,WA
FRIDAY HARBOR,WA
WARDEN,WA
ODESSA,WA
BURBANK,WA
PULLMAN,WA
DAVENPORT,WA
WINTHROP,WA
DEMING,WA
LANGLEY,WA
TOUCHET,WA
POINT ROBERTS,WA
INDIANOLA,WA
CONNELL,WA
BENTON CITY,WA
MOSSYROCK,WA
AIRWAY HEIGHTS,WA
COULEE DAM,WA
LEAVENWORTH,WA
PACIFIC BEACH,WA
SUNNYSIDE,WA
SKYKOMISH,WA
MOXEE,WA
ANDERSON ISLAND,WA
LIBERTY LAKE,WA
FOX ISLAND,WA
MEDICAL LAKE,WA
OROVILLE,WA
CLINTON,WA
TOPPENISH,WA
SURFSIDE,WA
PE ELL,WA
CATHLAMET,WA
TAHOLAH,WA
NEWMAN LAKE,WA
MONTESANO,WA
TONASKET,WA
COLVILLE,WA
RUSTON,WA
ORONDO,WA
NEAH BAY,WA
LUMMI ISLAND,WA
LONGBRANCH,WA
CASHMERE,WA
YACOLT,WA
QUILCENE,WA
RICE,WA
LA CENTER,WA
CINEBAR,WA
ELMA,WA
GOLD BAR,WA
UNION,WA
CHATTAROY,WA
ELK,WA
LOON LAKE,WA
HANSVILLE,WA
HUNTS POINT,WA
TWISP,WA
KETTLE FALLS,WA
PORT LUDLOW,WA
NAPAVINE,WA
ARTONDALE,WA
ASOTIN,WA
PROSSER,WA
FORKS,WA
COLBERT,WA
VERADALE,WA
TOKELAND,WA
WOODWAY,WA
COPALIS BEACH,WA
EASTSOUND,WA
LYMAN,WA
REPUBLIC,WA
PALOUSE,WA
SUQUAMISH,WA
CLEARLAKE,WA
SILVER CREEK,WA
BINGEN,WA
ARIEL,WA
COWICHE,WA
CHIMACUM,WA
VALLEYFORD,WA
WALDRON,WA
RAINIER,WA
MALAGA,WA
OKANOGAN,WA
ROCK ISLAND,WA
NESPELEM,WA
CONCRETE,WA
PESHASTIN,WA
SNOWDEN,WA
SEDRO WOOLLEY,WA
CUSTER,WA
GRAYLAND,WA
ONALASKA,WA
GRAPEVIEW,WA
NORDLAND,WA
NORTH BONNEVILLE,WA
GRANGER,WA
SILVERLAKE,WA
OUTLOOK,WA
ALGONA,WA
TEKOA,WA
VAUGHN,WA
INDEX,WA
PACKWOOD,WA
PORT HADLOCK,WA
REARDAN,WA
STARTUP,WA
ROSLYN,WA
UNDERWOOD,WA
ACME,WA
EASTON,WA
DIXIE,WA
RITZVILLE,WA
COSMOPOLIS,WA
TAHUYA,WA
FAIRCHILD AIR FORCE BASE,WA
VALLEY,WA
MORTON,WA
OYSTERVILLE,WA
EPHRATA,WA
HOQUIAM,WA
ST JOHN,WA
TROUT LAKE,WA
SNOQUALMIE PASS,WA
BREWSTER,WA
ORIENT,WA
DARRINGTON,WA
RIVERSIDE,WA
KAPOWSIN,WA
DAYTON,WA
THORP,WA
BRINNON,WA
OCEAN PARK,WA
BARING,WA
OLGA,WA
MAPLE FALLS,WA
NORTH COVE,WA
OMAK,WA
GARFIELD,WA
WINLOCK,WA
SUMAS,WA
LONG BEACH,WA
LEBAM,WA
METHOW,WA
ROOSEVELT,WA
WESTPORT,WA
GOLDENDALE,WA
SHAW ISLAND,WA
NAHCOTTA,WA
WAPATO,WA
CLALLAM BAY,WA
GRAND COULEE,WA
NASELLE,WA
MESA,WA
HUNTERS,WA
DALLESPORT,WA
IONE,WA
SPANGLE,WA
AMBOY,WA
ALBION,WA
SOAP LAKE,WA
SOUTH BEND,WA
FAIRFIELD,WA
RAYMOND,WA
COLFAX,WA
ELTOPIA,WA
MENLO,WA
ETHEL,WA
NACHES,WA
ROYAL CITY,WA
TULALIP,WA
AMANDA PARK,WA
INCORPORATED,WA
CARSON,WA
CHEWELAH,WA
BEAVER,WA
KEYPORT,WA
PARKER,WA
MARLIN,WA
ILWACO,WA
NOOKSACK,WA
MAZAMA,WA
BUCODA,WA
EVANS,WA
DANVILLE,WA
GALVIN,WA
OAKVILLE,WA
WISHRAM,WA
KITTITAS,WA
BEVERLY,WA
SEVEN BAYS,WA
TIETON,WA
MINERAL,WA
HARRINGTON,WA
GLACIER,WA
WAITSBURG,WA
CUSICK,WA
ENDICOTT,WA
WILKESON,WA
PATEROS,WA
CHELAN FALLS,WA
CENTERVILLE,WA
PALISADES,WA
DEER MEADOWS,WA
LACROSSE,WA
SEKIU,WA
GLENOMA,WA
VADER,WA
SOUTH CLE ELUM,WA
PASC,WA
BZ CORNER,WA
CARLTON,WA
NORTHPORT,WA
MURDOCK,WA
GLENWOOD,WA
VANTAGE,WA
UNIONTOWN,WA
TOUTLE,WA
SPRINGDALE,WA
HATTON,WA
SEAVIEW,WA
OAKESDALE,WA
ROCKFORD,WA
SPRAGUE,WA
KLICKITAT,WA
MOCLIPS,WA
ROSALIA,WA
LILLIWAUP,WA
BUENA,WA
MARTHA LAKE,WA
ORCAS IS,WA
INCHELIUM,WA
LATAH,WA
TUMTUM,WA
DEER HARBOR,WA
MABTON,WA
MARYHILL,WA
EDWALL,WA
WILBUR,WA
LIND,WA
POMEROY,WA
APPLETON,WA
LOPEZ IS,WA
FRANCES,WA
MALDEN,WA
GIFFORD,WA
CLAYTON,WA
WELLPINIT,WA
WILLAPA,WA
MICA,WA
SATSOP,WA
WATERVILLE,WA
FORD,WA
ORCAS,WA
CURLEW,WA
COPALIS CROSSING,WA
ADDY,WA
PRESCOTT,WA
BANGOR BASE,WA
METALINE,WA
RANDLE,WA
CRESTON,WA
RYDERWOOD,WA
HOLDEN VILLAGE,WA
PORT GAMBLE,WA
ROCKPORT,WA
ELECTRIC CITY,WA
DRYDEN,WA
SKAMOKAWA,WA
SALKUM,WA
RICH,WA
ELMER CITY,WA
USK,WA
SMITH CREEK,WA
PRAIRIE RIDGE,WA
WHITE SWAN,WA
MANSFIELD,WA
SAN JUAN IS,WA
WAVERLY,WA
SOUTH PRAIRIE,WA
COLTON,WA
LAKEVIEW,WA
PATERSON,WA
HARTLINE,WA
LINCOLN,WA
CONCONULLY,WA
LAMONT,WA
BICKLETON,WA
ALMIRA,WA
MARBLEMOUNT,WA
WAHKIACUS,WA
HAMILTON,WA
